pays,region,annee,population,PIB_hab,IDH,esperance_vie,taux_alphabetisation
Cameroun,Australe,1975,31898602,7496.1,0.344,50.4,80.3
Cameroun,Nord,1976,16654655,7964.66,0.731,62.4,24.8
Cameroun,Est,1977,49403515,5954.64,0.631,65.6,74.3
Cameroun,Australe,1978,43805798,2702.39,0.792,72.5,75.6
Cameroun,Australe,1979,6239346,2718.94,0.313,54.2,81.4
Cameroun,Est,1980,32881082,5944.26,0.305,68.2,37.2
Cameroun,Australe,1981,34396350,4861.58,0.678,51.0,38.3
Cameroun,Nord,1982,27361192,4440.14,0.785,51.6,47.0
Cameroun,Ouest,1983,59261105,7687.15,0.468,62.1,74.2
Cameroun,Ouest,1984,24438619,5702.63,0.475,51.3,65.5
Cameroun,Ouest,1985,23281845,1908.76,0.728,55.9,52.4
Cameroun,Est,1986,20192315,2002.53,0.501,63.6,71.2
Cameroun,Nord,1987,32940625,1271.57,0.374,58.1,26.7
Cameroun,Nord,1988,51085265,2653.19,0.735,55.7,67.3
Cameroun,Centrale,1989,37547521,2580.11,0.375,66.9,49.6
Cameroun,Centrale,1990,47986299,7282.24,0.572,55.0,59.5
Cameroun,Australe,1991,35641428,4984.0,0.539,55.7,47.6
Cameroun,Est,1992,19771227,783.41,0.558,53.6,20.7
Cameroun,Centrale,1993,47888624,4725.5,0.425,61.7,49.9
Cameroun,Centrale,1994,19192823,6574.06,0.78,66.2,40.4
Cameroun,Est,1995,51933436,3004.11,0.379,59.2,68.8
Cameroun,Nord,1996,6574434,6855.79,0.73,58.4,76.7
Cameroun,Ouest,1997,52632800,1978.84,0.517,55.8,35.4
Cameroun,Nord,1998,20850996,5620.69,0.67,56.6,68.2
Cameroun,Centrale,1999,12413673,510.46,0.574,75.8,20.5
Cameroun,Est,2000,40450535,6353.68,0.614,54.8,28.7
Cameroun,Nord,2001,11700082,3524.92,0.452,61.7,94.9
Cameroun,Est,2002,20831049,4286.49,0.694,58.9,86.7
Cameroun,Est,2003,29907461,7962.94,0.34,73.3,61.7
Cameroun,Australe,2004,8196526,4805.16,0.68,51.7,68.8
Cameroun,Est,2005,17877570,4442.1,0.441,54.6,53.8
Cameroun,Ouest,2006,2352137,6554.77,0.6,63.7,88.0
Cameroun,Nord,2007,8444357,4559.23,0.564,65.1,65.9
Cameroun,Ouest,2008,25507165,5713.3,0.343,61.2,21.7
Cameroun,Australe,2009,39230313,627.52,0.622,72.7,66.1
Cameroun,Ouest,2010,2804563,7744.38,0.789,73.1,91.1
Cameroun,Est,2011,52225042,6221.38,0.502,65.9,75.6
Cameroun,Centrale,2012,47737785,7264.04,0.332,58.1,42.8
Cameroun,Nord,2013,18340214,967.75,0.548,70.5,54.4
Cameroun,Est,2014,42365416,4617.5,0.772,53.6,56.8
Cameroun,Ouest,2015,52126667,1277.36,0.631,65.8,74.3
Cameroun,Centrale,2016,49406271,2557.35,0.56,55.6,83.7
Cameroun,Centrale,2017,30609946,1366.38,0.752,68.3,53.3
Cameroun,Ouest,2018,42751125,6979.02,0.549,73.3,35.9
Cameroun,Est,2019,20596549,5266.26,0.596,59.9,45.1
Cameroun,Centrale,2020,56313564,1859.34,0.475,50.7,66.2
Cameroun,Nord,2021,12005153,6585.64,0.592,64.0,61.3
Cameroun,Australe,2022,59139211,5558.42,0.624,66.3,48.7
Cameroun,Nord,2023,39051160,4155.23,0.371,66.4,66.7
Cameroun,Nord,2024,17780412,4685.7,0.325,58.0,33.3
Senegal,Nord,1975,55777081,5997.42,0.382,74.2,90.3
Senegal,Ouest,1976,3935057,7155.9,0.52,68.9,59.8
Senegal,Nord,1977,35141258,6748.76,0.33,55.0,70.6
Senegal,Australe,1978,21484853,2156.78,0.378,67.7,72.2
Senegal,Australe,1979,55634190,4131.06,0.669,62.3,65.5
Senegal,Nord,1980,4033456,2874.62,0.522,62.3,21.1
Senegal,Nord,1981,48433347,4479.63,0.656,57.9,24.0
Senegal,Nord,1982,26640500,1565.05,0.463,61.3,92.6
Senegal,Australe,1983,56788455,7048.8,0.617,62.9,46.3
Senegal,Nord,1984,25276612,4313.1,0.511,67.4,25.9
Senegal,Ouest,1985,52080453,2029.15,0.338,57.6,82.8
Senegal,Nord,1986,22532840,1970.27,0.59,66.4,21.4
Senegal,Nord,1987,43348303,4676.11,0.748,73.3,68.1
Senegal,Nord,1988,55206361,1176.32,0.354,57.8,90.6
Senegal,Centrale,1989,7034086,2021.46,0.328,62.8,48.4
Senegal,Ouest,1990,33031933,6350.98,0.759,59.7,38.0
Senegal,Centrale,1991,37696337,4715.64,0.715,71.0,28.3
Senegal,Centrale,1992,41066795,5879.28,0.493,62.5,23.1
Senegal,Est,1993,5644275,3366.47,0.343,70.4,55.3
Senegal,Centrale,1994,46026940,6298.33,0.722,54.6,66.1
Senegal,Est,1995,25979733,4988.7,0.381,71.6,69.7
Senegal,Centrale,1996,35116417,6218.01,0.329,70.3,43.5
Senegal,Centrale,1997,18447264,6705.54,0.61,52.2,59.6
Senegal,Ouest,1998,29267860,7391.96,0.656,65.5,38.2
Senegal,Est,1999,54542037,4509.31,0.58,51.0,52.8
Senegal,Nord,2000,56382261,6563.55,0.359,65.3,55.4
Senegal,Ouest,2001,42836484,3081.77,0.356,56.2,90.2
Senegal,Est,2002,56610165,7791.64,0.557,59.1,47.9
Senegal,Centrale,2003,31272696,5927.89,0.726,55.2,85.3
Senegal,Ouest,2004,5556787,1997.75,0.329,73.9,35.7
Senegal,Est,2005,16289895,2034.42,0.414,72.6,51.7
Senegal,Ouest,2006,4578788,2774.17,0.621,68.9,35.4
Senegal,Nord,2007,30722903,6238.37,0.41,56.4,58.9
Senegal,Australe,2008,43973119,596.55,0.387,57.3,67.4
Senegal,Centrale,2009,28691290,4714.49,0.609,55.6,49.2
Senegal,Nord,2010,12073722,3973.12,0.382,62.8,52.5
Senegal,Est,2011,6323215,7898.5,0.527,54.4,55.4
Senegal,Centrale,2012,39445157,1528.24,0.769,59.0,49.8
Senegal,Australe,2013,20749503,6467.73,0.761,58.7,42.7
Senegal,Australe,2014,26040622,6006.28,0.715,62.9,89.3
Senegal,Ouest,2015,36530294,593.98,0.398,53.8,91.3
Senegal,Centrale,2016,45706224,6439.12,0.346,57.7,37.9
Senegal,Est,2017,38459878,660.97,0.343,62.6,91.3
Senegal,Nord,2018,33116984,2605.16,0.746,60.0,67.4
Senegal,Ouest,2019,26524805,3685.52,0.616,56.1,86.2
Senegal,Australe,2020,34131713,4451.98,0.779,64.2,88.0
Senegal,Australe,2021,47897797,7143.74,0.55,54.1,44.4
Senegal,Centrale,2022,11652271,3694.3,0.542,54.3,67.5
Senegal,Nord,2023,21310518,7922.53,0.712,74.4,91.2
Senegal,Australe,2024,57449510,2394.95,0.692,57.4,84.9
Maroc,Centrale,1975,57195272,4649.32,0.432,52.0,37.7
Maroc,Centrale,1976,15253938,3264.2,0.546,58.9,34.4
Maroc,Est,1977,47744883,1784.77,0.586,60.2,68.8
Maroc,Australe,1978,37266081,1979.58,0.484,62.9,45.9
Maroc,Nord,1979,47897541,3352.95,0.638,52.2,54.5
Maroc,Ouest,1980,27058257,5690.83,0.777,64.0,42.2
Maroc,Est,1981,7409831,6798.97,0.694,64.1,48.3
Maroc,Nord,1982,54381770,6839.47,0.678,56.1,49.9
Maroc,Ouest,1983,35383906,2430.97,0.45,71.6,28.5
Maroc,Nord,1984,55298414,1317.31,0.35,61.7,89.6
Maroc,Centrale,1985,55061704,1153.79,0.465,62.9,94.8
Maroc,Est,1986,12544607,4786.23,0.312,62.7,60.0
Maroc,Australe,1987,8356998,7282.29,0.789,56.3,20.8
Maroc,Centrale,1988,29104967,1674.81,0.539,58.0,21.2
Maroc,Australe,1989,55295402,7598.39,0.373,67.4,89.0
Maroc,Ouest,1990,51622598,4437.47,0.603,61.3,24.5
Maroc,Centrale,1991,28186444,2086.24,0.489,73.0,60.7
Maroc,Est,1992,3471471,4952.78,0.537,63.2,94.7
Maroc,Nord,1993,38817392,7147.41,0.348,63.4,24.6
Maroc,Est,1994,36096327,3460.22,0.51,72.6,60.9
Maroc,Ouest,1995,40256116,1780.79,0.48,71.0,34.3
Maroc,Est,1996,17511134,3684.41,0.375,65.2,61.8
Maroc,Ouest,1997,21359231,2180.68,0.311,56.0,49.1
Maroc,Est,1998,34588061,3150.52,0.404,60.1,26.4
Maroc,Est,1999,15418243,1248.7,0.445,61.6,64.2
Maroc,Ouest,2000,58134948,724.04,0.703,58.3,91.3
Maroc,Est,2001,25676341,6456.1,0.658,64.8,90.0
Maroc,Centrale,2002,59204943,5554.93,0.63,56.4,65.9
Maroc,Centrale,2003,13247748,1870.62,0.453,66.6,74.0
Maroc,Est,2004,37603207,626.91,0.37,58.9,30.9
Maroc,Centrale,2005,47689150,1037.31,0.54,59.3,90.3
Maroc,Ouest,2006,51601941,7946.26,0.671,54.0,94.4
Maroc,Centrale,2007,14995290,2094.41,0.779,62.6,58.7
Maroc,Australe,2008,30204273,2383.91,0.443,51.8,43.8
Maroc,Australe,2009,49326816,3788.58,0.565,56.9,65.1
Maroc,Ouest,2010,3316184,5362.89,0.316,51.9,74.0
Maroc,Centrale,2011,27232193,5455.93,0.398,60.8,71.3
Maroc,Australe,2012,3022337,2649.6,0.555,71.9,38.2
Maroc,Ouest,2013,29052779,5335.54,0.591,65.3,87.0
Maroc,Est,2014,26204125,3664.11,0.357,53.6,55.5
Maroc,Nord,2015,12511118,6443.69,0.531,53.0,89.8
Maroc,Nord,2016,51943503,868.63,0.732,54.2,58.2
Maroc,Est,2017,45739767,6428.88,0.43,53.8,36.4
Maroc,Centrale,2018,17375404,4890.42,0.496,57.2,62.4
Maroc,Est,2019,40632415,621.69,0.75,72.9,77.0
Maroc,Est,2020,32307688,1514.4,0.487,72.2,93.9
Maroc,Est,2021,40571761,7261.13,0.408,65.4,49.6
Maroc,Nord,2022,9002721,2235.6,0.321,70.2,88.4
Maroc,Est,2023,36072298,852.9,0.604,66.9,68.6
Maroc,Ouest,2024,27653914,1876.69,0.508,63.5,63.2
Nigeria,Australe,1975,27313613,4687.67,0.325,63.6,65.1
Nigeria,Centrale,1976,23849820,1730.43,0.694,51.1,55.0
Nigeria,Centrale,1977,44870260,1265.21,0.308,60.7,75.3
Nigeria,Centrale,1978,36453029,5509.17,0.447,50.4,83.4
Nigeria,Nord,1979,43830825,4231.07,0.686,57.5,35.1
Nigeria,Est,1980,10459835,1681.83,0.366,66.4,38.1
Nigeria,Ouest,1981,37370898,6786.19,0.494,53.8,28.9
Nigeria,Est,1982,22589773,7195.22,0.686,63.9,67.3
Nigeria,Nord,1983,46293811,936.28,0.342,61.1,71.0
Nigeria,Est,1984,14361612,947.23,0.798,57.9,77.5
Nigeria,Centrale,1985,21558056,5175.61,0.363,60.8,29.9
Nigeria,Australe,1986,49911665,988.29,0.695,53.5,75.3
Nigeria,Australe,1987,24574989,4896.02,0.545,56.8,25.5
Nigeria,Nord,1988,57879687,735.97,0.606,60.2,74.5
Nigeria,Ouest,1989,30220700,3198.33,0.514,57.1,56.6
Nigeria,Australe,1990,59243453,5886.02,0.645,74.0,62.5
Nigeria,Est,1991,11878732,1016.24,0.516,68.9,29.4
Nigeria,Ouest,1992,37049029,2901.09,0.736,54.9,33.2
Nigeria,Australe,1993,58413945,7494.57,0.543,73.9,73.6
Nigeria,Centrale,1994,43101566,5587.69,0.65,64.2,83.9
Nigeria,Centrale,1995,27101759,4755.46,0.692,51.7,57.3
Nigeria,Australe,1996,10836331,5948.26,0.388,54.3,66.7
Nigeria,Est,1997,3550790,1680.48,0.314,57.5,63.8
Nigeria,Nord,1998,4998617,3187.77,0.537,61.1,33.2
Nigeria,Nord,1999,27585294,7167.09,0.514,62.1,80.8
Nigeria,Nord,2000,32167251,7763.35,0.688,73.3,23.3
Nigeria,Australe,2001,23318084,5531.06,0.755,69.3,84.0
Nigeria,Ouest,2002,58725935,3497.54,0.773,66.4,50.4
Nigeria,Est,2003,28434219,1780.74,0.363,75.9,27.7
Nigeria,Centrale,2004,4388106,2959.43,0.665,58.7,53.5
Nigeria,Centrale,2005,41002017,999.59,0.431,68.4,66.5
Nigeria,Centrale,2006,24937011,621.94,0.515,66.9,35.7
Nigeria,Australe,2007,23684291,6449.63,0.424,68.5,44.4
Nigeria,Nord,2008,34224541,1730.58,0.308,60.1,87.0
Nigeria,Est,2009,13163051,4730.0,0.747,66.2,33.7
Nigeria,Est,2010,34198178,5575.68,0.493,55.6,53.7
Nigeria,Centrale,2011,56409933,6289.22,0.401,68.6,80.6
Nigeria,Centrale,2012,26268427,4865.25,0.48,70.3,66.3
Nigeria,Australe,2013,13277196,7684.44,0.723,64.4,33.1
Nigeria,Nord,2014,32374917,4991.31,0.654,70.0,64.2
Nigeria,Australe,2015,14023356,6903.87,0.475,52.9,69.4
Nigeria,Nord,2016,10504103,1884.2,0.438,70.2,27.9
Nigeria,Australe,2017,7777204,1508.73,0.357,52.6,47.0
Nigeria,Centrale,2018,35003681,2327.28,0.537,64.9,71.2
Nigeria,Nord,2019,38742941,4946.7,0.668,57.4,22.0
Nigeria,Australe,2020,37013833,7288.64,0.48,59.2,93.0
Nigeria,Ouest,2021,54224548,661.25,0.618,56.5,90.2
Nigeria,Centrale,2022,11096279,1179.07,0.639,59.5,33.6
Nigeria,Nord,2023,48143537,5127.67,0.465,73.4,37.1
Nigeria,Est,2024,57221102,5095.32,0.711,53.8,78.6
Ghana,Centrale,1975,45520888,4852.17,0.462,69.0,93.5
Ghana,Ouest,1976,4381458,796.21,0.645,66.2,84.2
Ghana,Est,1977,52430319,5502.49,0.573,68.9,80.6
Ghana,Nord,1978,12957996,4365.28,0.679,57.4,35.3
Ghana,Centrale,1979,54139775,7229.73,0.52,69.5,28.9
Ghana,Ouest,1980,58741986,2038.7,0.481,53.4,41.3
Ghana,Est,1981,12591093,4636.21,0.545,69.3,39.2
Ghana,Nord,1982,52545821,5260.25,0.302,66.5,35.4
Ghana,Centrale,1983,27420934,3258.35,0.52,60.0,90.8
Ghana,Est,1984,35676014,2151.06,0.661,72.3,48.1
Ghana,Ouest,1985,8784588,5986.26,0.317,72.3,94.3
Ghana,Ouest,1986,58506391,2366.41,0.656,55.7,47.1
Ghana,Centrale,1987,42684846,3601.28,0.34,55.4,39.0
Ghana,Australe,1988,24477981,2239.91,0.497,67.3,39.3
Ghana,Ouest,1989,32206557,7446.82,0.782,72.1,22.9
Ghana,Australe,1990,10303411,2057.06,0.697,52.9,76.6
Ghana,Australe,1991,19765753,2596.93,0.375,51.6,20.8
Ghana,Australe,1992,38222311,2460.05,0.762,66.1,20.7
Ghana,Australe,1993,35041556,2863.84,0.407,55.6,64.4
Ghana,Nord,1994,23939475,3179.87,0.424,69.0,46.4
Ghana,Centrale,1995,8274471,5960.72,0.561,58.6,94.4
Ghana,Australe,1996,24639183,3965.41,0.33,63.7,77.0
Ghana,Nord,1997,17235780,6435.65,0.758,60.6,39.7
Ghana,Est,1998,48450123,7255.97,0.463,65.4,24.8
Ghana,Australe,1999,38693654,5475.58,0.739,55.1,72.5
Ghana,Est,2000,57813376,2385.03,0.318,50.3,36.3
Ghana,Ouest,2001,29775436,2928.11,0.473,63.4,68.0
Ghana,Centrale,2002,51124124,5095.6,0.723,66.1,94.7
Ghana,Australe,2003,56808980,5499.06,0.622,53.9,78.5
Ghana,Australe,2004,16032925,4678.25,0.538,61.8,26.9
Ghana,Australe,2005,57305641,2637.5,0.436,59.0,71.1
Ghana,Est,2006,17781305,3137.32,0.603,72.6,77.0
Ghana,Centrale,2007,26147343,4551.87,0.355,64.1,31.7
Ghana,Est,2008,55458435,1062.99,0.797,67.9,64.4
Ghana,Centrale,2009,36873141,6294.97,0.42,74.9,43.9
Ghana,Australe,2010,11357743,4201.53,0.572,72.1,74.8
Ghana,Nord,2011,47794162,1480.93,0.728,67.8,72.8
Ghana,Australe,2012,9036964,1293.39,0.718,68.8,57.3
Ghana,Nord,2013,25720705,4068.5,0.349,65.8,27.2
Ghana,Australe,2014,10190373,1881.18,0.538,61.9,58.9
Ghana,Australe,2015,16424236,6672.35,0.462,61.5,84.4
Ghana,Centrale,2016,33998405,936.88,0.317,55.3,59.4
Ghana,Centrale,2017,39575621,7270.15,0.679,64.0,77.7
Ghana,Nord,2018,24351161,4325.5,0.645,62.9,27.7
Ghana,Nord,2019,3218496,5859.32,0.639,63.3,24.5
Ghana,Australe,2020,31272892,1963.28,0.668,70.9,44.0
Ghana,Australe,2021,51292189,4868.19,0.784,74.2,60.3
Ghana,Nord,2022,21872845,3315.26,0.448,55.4,37.5
Ghana,Centrale,2023,26185401,2532.21,0.751,55.4,20.4
Ghana,Australe,2024,36073925,1758.02,0.774,58.3,62.5
Kenya,Centrale,1975,28053626,4140.55,0.726,66.6,77.2
Kenya,Ouest,1976,39889501,7384.5,0.48,75.3,94.8
Kenya,Nord,1977,56752894,3875.65,0.359,59.3,90.4
Kenya,Ouest,1978,3418859,6678.33,0.415,64.8,21.4
Kenya,Est,1979,52073747,2601.33,0.319,74.0,73.2
Kenya,Centrale,1980,43142540,2512.0,0.33,59.9,92.3
Kenya,Est,1981,18982756,3375.91,0.605,70.6,48.2
Kenya,Centrale,1982,11109744,6824.39,0.784,62.6,87.2
Kenya,Est,1983,15970600,3154.85,0.312,60.5,40.2
Kenya,Centrale,1984,43092753,3598.92,0.307,68.3,38.7
Kenya,Est,1985,44625649,2985.65,0.583,65.8,48.2
Kenya,Centrale,1986,3670565,4434.8,0.449,72.7,41.9
Kenya,Ouest,1987,11820582,6863.74,0.68,63.5,70.1
Kenya,Est,1988,22258931,6531.09,0.735,63.9,36.7
Kenya,Est,1989,8152750,811.58,0.616,69.4,61.0
Kenya,Ouest,1990,36922913,4036.15,0.548,70.7,31.2
Kenya,Ouest,1991,2015785,5277.74,0.67,66.6,46.8
Kenya,Ouest,1992,10682674,7514.32,0.783,50.9,41.7
Kenya,Ouest,1993,13198673,555.11,0.552,51.1,58.9
Kenya,Ouest,1994,34778709,4932.29,0.54,65.6,21.2
Kenya,Nord,1995,21001164,7720.11,0.364,65.8,49.4
Kenya,Australe,1996,50459127,7705.97,0.463,67.5,83.7
Kenya,Australe,1997,35969653,4945.57,0.489,63.2,88.6
Kenya,Nord,1998,5662199,4285.24,0.727,50.7,45.8
Kenya,Australe,1999,48275466,2456.16,0.306,57.9,52.7
Kenya,Australe,2000,13414065,4267.03,0.598,66.9,39.8
Kenya,Ouest,2001,38760220,4380.73,0.718,66.8,33.0
Kenya,Nord,2002,32779100,2620.46,0.655,68.8,47.3
Kenya,Ouest,2003,35836181,5242.83,0.599,69.2,23.1
Kenya,Nord,2004,30857052,5877.74,0.649,59.2,21.2
Kenya,Est,2005,40234009,5776.08,0.422,75.8,54.1
Kenya,Est,2006,48449633,6615.81,0.49,59.6,67.2
Kenya,Australe,2007,51268514,5796.4,0.55,72.7,74.3
Kenya,Australe,2008,9442465,6939.41,0.363,73.0,88.7
Kenya,Ouest,2009,48396137,7909.4,0.483,52.6,54.4
Kenya,Est,2010,42698377,4125.42,0.37,73.8,39.1
Kenya,Nord,2011,16185525,4198.28,0.373,54.9,59.4
Kenya,Nord,2012,51307849,7545.02,0.605,67.3,66.7
Kenya,Ouest,2013,43371935,2426.31,0.642,51.2,55.7
Kenya,Australe,2014,32089027,4275.78,0.585,60.8,25.4
Kenya,Australe,2015,12935018,3423.42,0.656,69.6,75.9
Kenya,Ouest,2016,14281989,2784.85,0.338,67.9,41.7
Kenya,Ouest,2017,52564421,2886.42,0.493,60.4,49.4
Kenya,Centrale,2018,3779746,5779.67,0.733,72.0,63.5
Kenya,Est,2019,41443270,3465.18,0.707,56.9,59.6
Kenya,Ouest,2020,5776328,5676.2,0.41,52.5,81.9
Kenya,Australe,2021,54426887,7291.53,0.504,70.2,70.9
Kenya,Ouest,2022,23073040,5245.49,0.47,63.1,62.0
Kenya,Est,2023,11250130,4618.31,0.376,50.9,77.8
Kenya,Est,2024,57060601,5296.87,0.547,70.5,30.1
Afrique du Sud,Est,1975,18509766,845.99,0.737,75.9,76.1
Afrique du Sud,Australe,1976,35571155,5591.48,0.539,68.3,51.7
Afrique du Sud,Australe,1977,23374092,6473.04,0.662,72.4,82.5
Afrique du Sud,Australe,1978,40610092,7590.9,0.38,56.3,24.7
Afrique du Sud,Ouest,1979,26154998,6213.05,0.318,69.4,21.3
Afrique du Sud,Centrale,1980,34117573,4764.18,0.458,55.0,75.7
Afrique du Sud,Est,1981,40420712,2602.15,0.355,66.8,62.2
Afrique du Sud,Ouest,1982,11900291,5268.41,0.556,64.0,45.8
Afrique du Sud,Est,1983,31151261,3795.39,0.428,61.8,39.4
Afrique du Sud,Australe,1984,18947332,1759.89,0.529,54.6,55.0
Afrique du Sud,Est,1985,13813743,7391.02,0.428,67.3,74.1
Afrique du Sud,Est,1986,40761318,5936.15,0.41,51.5,22.2
Afrique du Sud,Ouest,1987,39751728,2822.83,0.631,68.3,37.7
Afrique du Sud,Ouest,1988,50670986,2099.98,0.799,54.4,28.0
Afrique du Sud,Est,1989,55532415,7684.77,0.763,53.8,27.7
Afrique du Sud,Australe,1990,42004863,7151.35,0.608,58.7,69.1
Afrique du Sud,Centrale,1991,56855814,1565.87,0.307,63.8,25.3
Afrique du Sud,Ouest,1992,15798937,757.42,0.396,64.1,82.3
Afrique du Sud,Australe,1993,43598921,4306.29,0.32,56.2,81.6
Afrique du Sud,Centrale,1994,6206177,1123.58,0.778,65.1,77.3
Afrique du Sud,Australe,1995,3504340,1939.31,0.373,60.4,22.4
Afrique du Sud,Australe,1996,26187064,7196.14,0.672,61.5,90.6
Afrique du Sud,Australe,1997,20544352,5114.45,0.471,50.2,57.0
Afrique du Sud,Centrale,1998,33812944,3780.27,0.355,68.8,88.0
Afrique du Sud,Ouest,1999,21352573,1012.42,0.692,70.7,91.6
Afrique du Sud,Nord,2000,58320253,5623.03,0.536,72.0,76.7
Afrique du Sud,Centrale,2001,40800936,5044.97,0.548,62.7,56.2
Afrique du Sud,Est,2002,3977463,1295.86,0.623,67.2,63.6
Afrique du Sud,Ouest,2003,27139569,7927.81,0.446,74.3,45.9
Afrique du Sud,Australe,2004,40173943,1366.41,0.754,52.8,62.2
Afrique du Sud,Centrale,2005,57965378,3719.64,0.369,58.5,58.0
Afrique du Sud,Est,2006,32628214,6671.15,0.647,63.2,80.3
Afrique du Sud,Ouest,2007,32661631,7962.38,0.551,54.8,81.4
Afrique du Sud,Ouest,2008,45573011,7136.6,0.44,70.8,66.2
Afrique du Sud,Ouest,2009,32655599,3087.3,0.555,72.0,25.4
Afrique du Sud,Nord,2010,25668721,3618.75,0.523,55.9,55.0
Afrique du Sud,Ouest,2011,7818477,7915.43,0.481,67.3,23.2
Afrique du Sud,Ouest,2012,18085999,5545.79,0.39,63.0,23.2
Afrique du Sud,Australe,2013,44110902,4025.61,0.545,52.0,68.7
Afrique du Sud,Nord,2014,50433122,7688.09,0.509,57.1,45.0
Afrique du Sud,Est,2015,9768698,588.58,0.758,61.7,39.8
Afrique du Sud,Ouest,2016,15963394,2861.94,0.44,66.0,58.7
Afrique du Sud,Australe,2017,43928865,7903.11,0.439,71.4,89.5
Afrique du Sud,Australe,2018,26691646,4165.32,0.339,63.6,57.6
Afrique du Sud,Centrale,2019,55976090,5443.73,0.625,63.1,41.4
Afrique du Sud,Est,2020,3258669,7788.5,0.676,54.3,56.5
Afrique du Sud,Australe,2021,44695353,3895.55,0.534,60.3,84.5
Afrique du Sud,Australe,2022,5017004,6222.53,0.404,52.3,73.3
Afrique du Sud,Nord,2023,32250457,869.31,0.694,67.5,44.0
Afrique du Sud,Ouest,2024,28408867,2774.15,0.589,70.9,26.0
Egypte,Est,1975,58512019,2848.91,0.715,51.0,87.6
Egypte,Centrale,1976,56224434,4636.25,0.424,59.2,82.7
Egypte,Australe,1977,37882773,1114.46,0.456,63.9,90.1
Egypte,Centrale,1978,44490741,3406.75,0.688,69.8,35.5
Egypte,Centrale,1979,16825816,3707.65,0.449,69.2,64.5
Egypte,Centrale,1980,34332018,1463.86,0.688,54.5,25.9
Egypte,Centrale,1981,11026514,6136.7,0.693,74.1,67.8
Egypte,Est,1982,34170985,1043.69,0.575,66.1,67.8
Egypte,Est,1983,55106985,2055.38,0.795,64.6,34.1
Egypte,Australe,1984,59388645,6491.55,0.658,72.5,92.8
Egypte,Est,1985,22599744,5544.22,0.348,56.2,38.2
Egypte,Est,1986,46685765,7623.86,0.557,58.2,85.3
Egypte,Nord,1987,57886093,5735.92,0.485,50.2,26.3
Egypte,Est,1988,29971075,4537.75,0.499,66.4,32.1
Egypte,Nord,1989,35678541,3570.95,0.314,69.3,30.6
Egypte,Nord,1990,14626286,4127.29,0.696,52.2,73.9
Egypte,Ouest,1991,47946686,7884.17,0.608,55.8,22.1
Egypte,Australe,1992,54409696,3923.5,0.582,69.2,39.7
Egypte,Australe,1993,8642668,2004.93,0.562,70.8,72.4
Egypte,Australe,1994,4473546,2104.89,0.613,58.1,22.0
Egypte,Nord,1995,15573402,5842.87,0.747,66.1,50.1
Egypte,Nord,1996,11801289,6610.89,0.376,56.9,46.3
Egypte,Australe,1997,53924849,5762.16,0.363,55.6,34.2
Egypte,Ouest,1998,39068673,7879.27,0.363,62.2,42.1
Egypte,Est,1999,33261109,5070.34,0.449,56.7,78.2
Egypte,Centrale,2000,58565705,3456.13,0.361,74.8,57.5
Egypte,Centrale,2001,57976662,2335.08,0.584,73.2,44.1
Egypte,Nord,2002,43940685,1534.94,0.67,59.6,64.5
Egypte,Centrale,2003,41107484,5340.64,0.432,57.2,72.5
Egypte,Australe,2004,43817685,7686.16,0.514,63.3,51.1
Egypte,Ouest,2005,12185606,3776.02,0.646,60.2,30.7
Egypte,Ouest,2006,46422632,1503.17,0.541,74.0,86.1
Egypte,Ouest,2007,44533790,2654.87,0.72,55.0,85.8
Egypte,Est,2008,59158074,7560.22,0.453,52.8,88.9
Egypte,Australe,2009,11676033,3084.22,0.534,73.3,41.7
Egypte,Est,2010,47457386,1087.63,0.485,72.9,25.2
Egypte,Australe,2011,49839641,4027.01,0.697,55.8,73.0
Egypte,Australe,2012,13085535,2067.01,0.337,57.8,94.8
Egypte,Centrale,2013,29487116,5121.74,0.595,64.4,43.0
Egypte,Ouest,2014,7566346,6984.44,0.309,54.0,23.3
Egypte,Nord,2015,33188661,1438.35,0.457,71.1,60.3
Egypte,Ouest,2016,56767319,4345.37,0.353,73.8,63.3
Egypte,Nord,2017,32765353,3473.53,0.511,72.9,81.2
Egypte,Nord,2018,42831352,1368.86,0.684,75.3,50.0
Egypte,Ouest,2019,40292309,7346.32,0.683,53.2,78.8
Egypte,Australe,2020,44415839,3383.07,0.37,64.3,36.4
Egypte,Centrale,2021,33112937,3935.15,0.723,54.5,41.1
Egypte,Nord,2022,25388189,2313.45,0.604,60.3,74.0
Egypte,Centrale,2023,2374277,4885.51,0.784,62.4,23.9
Egypte,Ouest,2024,28326753,3630.3,0.67,61.7,49.9
Ethiopie,Centrale,1975,37288933,1720.55,0.402,64.0,61.1
Ethiopie,Est,1976,2160862,2926.8,0.555,65.3,22.7
Ethiopie,Australe,1977,54109490,6258.42,0.42,52.2,90.0
Ethiopie,Ouest,1978,52055824,1126.46,0.723,57.6,57.5
Ethiopie,Nord,1979,30059096,6135.08,0.343,73.2,48.3
Ethiopie,Ouest,1980,6199157,7423.9,0.775,70.1,71.2
Ethiopie,Australe,1981,42507719,2458.38,0.726,50.6,33.0
Ethiopie,Ouest,1982,9592916,4739.92,0.382,63.5,82.4
Ethiopie,Australe,1983,39206222,3405.33,0.506,65.2,43.4
Ethiopie,Centrale,1984,48239390,1828.77,0.311,59.4,84.8
Ethiopie,Est,1985,38195686,5479.37,0.782,74.5,85.7
Ethiopie,Nord,1986,20825231,6789.27,0.324,62.2,24.5
Ethiopie,Nord,1987,26136201,682.48,0.534,63.3,55.0
Ethiopie,Ouest,1988,39997444,5702.08,0.662,55.3,92.2
Ethiopie,Ouest,1989,41428762,3088.77,0.418,63.3,39.6
Ethiopie,Australe,1990,34401396,3018.79,0.471,64.5,26.6
Ethiopie,Nord,1991,34299839,7455.84,0.377,60.9,37.4
Ethiopie,Australe,1992,53443683,7021.73,0.673,60.7,43.7
Ethiopie,Australe,1993,27714821,3200.87,0.504,57.9,33.5
Ethiopie,Est,1994,45153175,2742.38,0.553,55.0,54.3
Ethiopie,Australe,1995,54243851,2829.8,0.412,55.3,65.6
Ethiopie,Nord,1996,3668800,2111.25,0.6,52.7,68.7
Ethiopie,Nord,1997,28436928,956.87,0.406,55.6,46.9
Ethiopie,Australe,1998,7271042,3291.07,0.547,69.7,62.2
Ethiopie,Australe,1999,31382959,6364.62,0.664,65.5,83.6
Ethiopie,Nord,2000,52021415,4629.76,0.754,55.1,81.4
Ethiopie,Australe,2001,49868439,3320.87,0.467,73.9,31.9
Ethiopie,Australe,2002,21605147,6214.75,0.551,65.2,63.6
Ethiopie,Centrale,2003,10921067,4540.47,0.573,57.2,57.1
Ethiopie,Nord,2004,43819188,3897.72,0.779,50.6,94.9
Ethiopie,Nord,2005,26303894,1400.69,0.699,52.8,20.4
Ethiopie,Nord,2006,10455690,7868.79,0.36,68.4,42.5
Ethiopie,Centrale,2007,34331376,2842.06,0.433,50.5,40.7
Ethiopie,Centrale,2008,26957094,7042.14,0.567,67.4,40.4
Ethiopie,Est,2009,52905491,1322.61,0.66,54.7,24.9
Ethiopie,Nord,2010,36150614,2803.84,0.605,60.7,63.0
Ethiopie,Est,2011,4212973,7082.41,0.359,51.9,61.5
Ethiopie,Centrale,2012,53999039,913.82,0.734,54.3,40.8
Ethiopie,Nord,2013,41536397,6632.78,0.71,72.7,70.1
Ethiopie,Australe,2014,48125844,5690.55,0.747,62.0,58.2
Ethiopie,Ouest,2015,15402140,3006.69,0.586,54.9,92.6
Ethiopie,Ouest,2016,50775654,4664.39,0.4,65.4,64.0
Ethiopie,Nord,2017,23548871,1603.6,0.384,56.4,92.7
Ethiopie,Nord,2018,18526747,1025.71,0.394,56.4,82.3
Ethiopie,Ouest,2019,44947077,7494.03,0.491,66.5,55.8
Ethiopie,Ouest,2020,20564804,4770.99,0.673,57.3,90.8
Ethiopie,Centrale,2021,30940683,4771.7,0.568,69.6,67.1
Ethiopie,Est,2022,12859805,1892.13,0.343,72.0,70.1
Ethiopie,Nord,2023,26040080,2330.09,0.494,62.5,94.2
Ethiopie,Est,2024,14899477,1961.89,0.573,59.4,70.7
RDC,Australe,1975,40850720,2980.59,0.787,75.4,42.8
RDC,Ouest,1976,39180215,5843.01,0.478,66.8,51.4
RDC,Est,1977,15817919,4020.77,0.505,71.1,53.1
RDC,Est,1978,50387161,2732.83,0.745,71.5,39.4
RDC,Est,1979,42595843,1600.49,0.773,63.6,52.5
RDC,Est,1980,8461502,7287.41,0.726,67.1,21.6
RDC,Ouest,1981,38131745,5857.46,0.385,64.3,76.7
RDC,Centrale,1982,31145608,1548.65,0.74,64.5,47.0
RDC,Nord,1983,42308832,567.52,0.648,59.2,25.2
RDC,Ouest,1984,48372629,7685.02,0.515,65.6,22.3
RDC,Centrale,1985,12221765,2581.18,0.716,58.1,75.4
RDC,Centrale,1986,58070097,6312.64,0.528,65.8,59.1
RDC,Australe,1987,29341693,6340.67,0.342,70.9,27.1
RDC,Est,1988,4185031,1326.9,0.718,52.6,50.1
RDC,Australe,1989,49416223,3219.63,0.618,70.5,36.3
RDC,Nord,1990,52666097,6796.52,0.378,56.7,60.4
RDC,Nord,1991,53945936,2146.56,0.522,71.1,41.1
RDC,Est,1992,17469695,3166.09,0.78,74.1,80.2
RDC,Ouest,1993,43032538,3035.03,0.763,60.2,90.0
RDC,Est,1994,38818270,2669.24,0.361,71.3,59.7
RDC,Nord,1995,46814623,1636.92,0.493,65.4,27.8
RDC,Australe,1996,7173551,3130.25,0.36,54.2,45.0
RDC,Australe,1997,56043193,865.75,0.582,64.9,64.2
RDC,Ouest,1998,44275891,7239.7,0.784,67.6,94.7
RDC,Ouest,1999,30330095,1339.5,0.406,68.8,87.5
RDC,Australe,2000,50586998,6960.08,0.429,61.9,76.9
RDC,Ouest,2001,44338519,4642.75,0.476,52.7,70.7
RDC,Ouest,2002,41882604,5357.76,0.409,56.5,41.6
RDC,Australe,2003,28194272,3298.74,0.329,70.7,42.9
RDC,Est,2004,25273957,6723.49,0.676,57.4,44.6
RDC,Australe,2005,35204466,1361.06,0.631,58.8,60.9
RDC,Centrale,2006,41128972,4314.8,0.378,75.7,35.8
RDC,Australe,2007,17130269,4099.09,0.437,59.3,36.5
RDC,Centrale,2008,16475180,1423.39,0.654,59.2,52.7
RDC,Est,2009,33213790,2714.64,0.492,72.6,76.6
RDC,Australe,2010,48244470,5960.35,0.355,65.2,42.6
RDC,Centrale,2011,4954174,3301.66,0.699,62.8,77.5
RDC,Centrale,2012,12024519,7622.27,0.606,67.6,63.9
RDC,Australe,2013,13074457,2756.45,0.551,58.3,46.5
RDC,Nord,2014,7410125,6241.98,0.561,59.0,69.7
RDC,Australe,2015,54657264,4812.34,0.527,73.5,85.3
RDC,Nord,2016,8588822,2796.52,0.538,62.6,90.2
RDC,Est,2017,28515489,6292.43,0.364,51.9,25.2
RDC,Nord,2018,16171739,6418.23,0.454,74.1,88.3
RDC,Nord,2019,52773864,6128.31,0.341,66.1,28.1
RDC,Centrale,2020,13127306,502.33,0.503,53.7,91.1
RDC,Nord,2021,18051139,2763.68,0.5,66.2,95.0
RDC,Ouest,2022,2514179,6971.01,0.561,51.8,27.1
RDC,Centrale,2023,52199642,4750.86,0.659,57.1,87.9
RDC,Nord,2024,24209983,776.19,0.691,74.7,90.3
Tanzanie,Centrale,1975,11893535,2036.91,0.748,55.9,48.6
Tanzanie,Nord,1976,4561911,6771.89,0.484,70.2,46.9
Tanzanie,Centrale,1977,45949077,6733.06,0.562,61.3,83.9
Tanzanie,Australe,1978,57513912,6178.44,0.376,65.3,84.7
Tanzanie,Nord,1979,43973615,1756.45,0.668,68.0,89.2
Tanzanie,Est,1980,12445503,2698.46,0.424,57.4,64.6
Tanzanie,Est,1981,18241345,1636.75,0.48,72.8,23.3
Tanzanie,Est,1982,58580251,7560.84,0.35,56.3,60.3
Tanzanie,Australe,1983,57685956,6793.12,0.696,75.5,23.7
Tanzanie,Nord,1984,10383088,1291.38,0.391,70.4,57.9
Tanzanie,Centrale,1985,41214942,692.26,0.517,56.1,77.2
Tanzanie,Est,1986,33982746,919.27,0.61,68.5,75.6
Tanzanie,Australe,1987,50587183,667.19,0.412,58.6,67.9
Tanzanie,Nord,1988,54740964,5577.59,0.342,68.2,26.2
Tanzanie,Est,1989,13085604,5526.26,0.474,52.3,57.0
Tanzanie,Centrale,1990,17795571,2134.81,0.568,71.3,64.2
Tanzanie,Nord,1991,54244233,6704.22,0.375,74.7,23.0
Tanzanie,Australe,1992,40784093,2765.92,0.334,62.0,24.0
Tanzanie,Centrale,1993,11569163,1303.03,0.395,72.4,66.6
Tanzanie,Australe,1994,58830657,2352.02,0.759,52.9,53.9
Tanzanie,Australe,1995,40930942,3966.65,0.413,73.4,88.9
Tanzanie,Centrale,1996,22529913,2124.61,0.483,54.9,41.8
Tanzanie,Centrale,1997,52565249,7495.87,0.665,56.9,70.4
Tanzanie,Ouest,1998,8730260,3182.7,0.746,64.6,48.9
Tanzanie,Est,1999,58127806,7161.62,0.594,75.3,47.8
Tanzanie,Est,2000,48761677,2842.99,0.415,54.6,28.8
Tanzanie,Ouest,2001,11631840,2320.24,0.475,68.4,73.7
Tanzanie,Australe,2002,10122692,2107.5,0.31,57.0,27.5
Tanzanie,Australe,2003,13236601,5548.44,0.395,61.8,72.3
Tanzanie,Ouest,2004,10627840,2664.37,0.593,54.8,39.6
Tanzanie,Ouest,2005,30760176,4700.06,0.344,60.8,63.9
Tanzanie,Australe,2006,3638324,886.69,0.769,53.9,26.3
Tanzanie,Australe,2007,47871104,1482.68,0.568,53.9,36.5
Tanzanie,Est,2008,43408366,4750.87,0.561,51.6,69.6
Tanzanie,Australe,2009,47721885,4563.54,0.344,57.2,31.6
Tanzanie,Ouest,2010,41314451,3848.67,0.642,64.4,55.4
Tanzanie,Est,2011,9249089,7245.67,0.689,61.6,59.4
Tanzanie,Australe,2012,5073640,5096.12,0.757,67.1,34.2
Tanzanie,Australe,2013,23663399,2601.18,0.304,54.8,40.9
Tanzanie,Nord,2014,12981578,5670.23,0.542,72.1,90.5
Tanzanie,Nord,2015,48506708,4495.1,0.446,60.4,77.4
Tanzanie,Australe,2016,15376095,7388.59,0.31,62.4,20.9
Tanzanie,Centrale,2017,13807000,4800.3,0.523,70.3,47.2
Tanzanie,Ouest,2018,53507059,1284.46,0.676,60.2,49.9
Tanzanie,Centrale,2019,19424008,6735.2,0.547,59.8,78.8
Tanzanie,Est,2020,56753868,3759.13,0.371,56.5,54.7
Tanzanie,Est,2021,59822895,1103.33,0.669,67.3,41.8
Tanzanie,Nord,2022,44548803,5159.63,0.781,59.7,81.4
Tanzanie,Centrale,2023,32084054,4402.25,0.707,52.4,38.6
Tanzanie,Ouest,2024,10110632,7433.19,0.329,62.0,25.0
Ouganda,Nord,1975,2090751,1024.76,0.414,56.7,51.1
Ouganda,Australe,1976,36135929,1323.16,0.667,67.4,66.8
Ouganda,Centrale,1977,24122852,7856.61,0.43,51.9,30.9
Ouganda,Australe,1978,47717087,3648.88,0.518,69.4,27.2
Ouganda,Australe,1979,15889382,1950.72,0.653,69.2,84.0
Ouganda,Australe,1980,14741138,5716.84,0.753,60.7,24.8
Ouganda,Est,1981,40775400,1305.89,0.567,72.1,31.6
Ouganda,Ouest,1982,55025327,1687.74,0.717,60.8,93.0
Ouganda,Est,1983,6366274,2341.16,0.724,66.5,40.8
Ouganda,Est,1984,25757636,2522.33,0.499,53.2,21.4
Ouganda,Centrale,1985,6717524,4279.96,0.6,74.8,57.1
Ouganda,Est,1986,13105755,7401.96,0.55,61.2,70.5
Ouganda,Ouest,1987,48670437,969.29,0.703,67.4,63.7
Ouganda,Australe,1988,57321663,6758.28,0.785,59.5,53.2
Ouganda,Centrale,1989,31559235,2018.69,0.716,70.9,75.3
Ouganda,Ouest,1990,33198611,6017.73,0.432,50.3,71.3
Ouganda,Ouest,1991,37112803,5706.19,0.366,72.6,85.8
Ouganda,Australe,1992,36947347,1477.91,0.621,52.8,65.8
Ouganda,Australe,1993,57833864,1651.27,0.669,58.9,89.0
Ouganda,Nord,1994,21295709,5056.25,0.441,51.0,55.7
Ouganda,Australe,1995,54285422,4606.77,0.713,66.2,29.1
Ouganda,Centrale,1996,23989162,6956.57,0.754,60.1,85.4
Ouganda,Australe,1997,10263793,1189.09,0.558,50.5,44.7
Ouganda,Ouest,1998,3809564,5069.04,0.36,50.0,86.4
Ouganda,Centrale,1999,32348385,7116.7,0.354,55.9,63.0
Ouganda,Ouest,2000,54941952,5298.76,0.59,53.3,80.3
Ouganda,Centrale,2001,48875937,2371.2,0.56,60.5,76.5
Ouganda,Centrale,2002,30677601,2242.24,0.57,68.4,20.8
Ouganda,Nord,2003,15695364,5965.07,0.653,72.9,65.2
Ouganda,Nord,2004,3814969,4696.46,0.594,59.6,47.6
Ouganda,Australe,2005,50421424,7614.51,0.521,72.7,22.1
Ouganda,Nord,2006,32495314,2260.18,0.376,63.4,77.8
Ouganda,Centrale,2007,40563799,2440.15,0.562,51.9,72.8
Ouganda,Centrale,2008,7906265,3764.36,0.747,68.2,72.9
Ouganda,Nord,2009,37569864,4302.33,0.717,58.9,88.4
Ouganda,Ouest,2010,36294394,3670.99,0.651,63.8,59.8
Ouganda,Nord,2011,53213238,3748.39,0.617,73.4,52.4
Ouganda,Australe,2012,12491980,2448.58,0.685,57.6,33.4
Ouganda,Nord,2013,46692099,1392.44,0.728,68.0,69.2
Ouganda,Centrale,2014,6339773,4469.84,0.711,53.0,34.5
Ouganda,Ouest,2015,24862833,6537.65,0.735,64.2,42.5
Ouganda,Ouest,2016,13280166,3450.06,0.455,56.3,67.7
Ouganda,Australe,2017,54744495,4226.75,0.451,50.6,66.6
Ouganda,Est,2018,7297369,4802.95,0.715,50.0,81.0
Ouganda,Est,2019,41640550,1472.32,0.775,72.1,41.1
Ouganda,Centrale,2020,51402440,7704.87,0.375,74.9,63.1
Ouganda,Est,2021,54421275,5848.77,0.751,64.3,35.8
Ouganda,Est,2022,24875306,4252.92,0.522,52.3,81.8
Ouganda,Est,2023,51898308,5933.66,0.531,61.4,68.7
Ouganda,Australe,2024,21040920,822.3,0.33,74.7,75.0
Rwanda,Est,1975,23767033,7919.92,0.467,52.7,71.7
Rwanda,Ouest,1976,18168588,4175.71,0.353,52.8,89.0
Rwanda,Australe,1977,17048182,6368.52,0.696,69.4,46.6
Rwanda,Nord,1978,4664439,4391.88,0.303,51.7,21.9
Rwanda,Centrale,1979,43406728,1814.55,0.745,54.3,92.1
Rwanda,Est,1980,24091419,5148.64,0.406,58.9,37.1
Rwanda,Australe,1981,52765727,2184.22,0.579,61.8,92.4
Rwanda,Ouest,1982,11604145,2739.43,0.426,75.8,73.1
Rwanda,Australe,1983,58856766,4601.8,0.394,74.2,74.8
Rwanda,Centrale,1984,3636479,5270.23,0.683,58.1,52.9
Rwanda,Ouest,1985,30149160,6276.86,0.783,74.1,44.7
Rwanda,Centrale,1986,7403876,1127.2,0.52,53.8,56.4
Rwanda,Australe,1987,58601836,6311.23,0.362,67.7,36.9
Rwanda,Ouest,1988,31848833,4633.21,0.748,52.8,63.1
Rwanda,Nord,1989,39153591,3743.5,0.535,69.3,38.0
Rwanda,Nord,1990,52326821,4476.38,0.793,53.3,78.7
Rwanda,Centrale,1991,34213634,2585.1,0.625,63.5,85.4
Rwanda,Centrale,1992,7463641,1838.7,0.453,63.9,46.7
Rwanda,Centrale,1993,29459515,5105.31,0.562,57.4,33.2
Rwanda,Australe,1994,46751447,5650.74,0.56,62.0,71.1
Rwanda,Nord,1995,38365977,1736.29,0.644,69.5,80.1
Rwanda,Australe,1996,45357829,6859.65,0.304,63.2,39.0
Rwanda,Nord,1997,55574928,6038.31,0.367,72.9,20.0
Rwanda,Australe,1998,23163326,7271.45,0.532,67.6,67.4
Rwanda,Australe,1999,9662568,5138.83,0.558,59.3,77.3
Rwanda,Ouest,2000,35789256,1515.08,0.436,64.4,56.0
Rwanda,Nord,2001,12238663,5186.44,0.706,53.3,81.0
Rwanda,Australe,2002,42125415,7274.47,0.696,64.1,59.9
Rwanda,Ouest,2003,40698086,1245.61,0.57,54.0,53.0
Rwanda,Centrale,2004,12016989,772.53,0.601,60.3,20.1
Rwanda,Nord,2005,55026661,2741.5,0.378,52.6,42.2
Rwanda,Est,2006,57247531,1052.48,0.514,50.4,43.4
Rwanda,Centrale,2007,26181455,2136.18,0.404,54.0,80.3
Rwanda,Australe,2008,32721084,3147.11,0.502,50.8,53.3
Rwanda,Ouest,2009,11522369,6658.34,0.772,62.1,52.4
Rwanda,Ouest,2010,28586600,5720.43,0.771,69.3,51.1
Rwanda,Ouest,2011,30736473,5890.19,0.466,70.5,90.3
Rwanda,Ouest,2012,11402655,2037.87,0.717,75.6,40.1
Rwanda,Australe,2013,56135801,6223.9,0.466,71.5,65.5
Rwanda,Nord,2014,39950027,7016.85,0.499,53.8,20.3
Rwanda,Ouest,2015,22324896,2915.21,0.76,60.9,45.0
Rwanda,Ouest,2016,56473816,5818.86,0.389,73.9,63.5
Rwanda,Ouest,2017,58940545,7272.87,0.564,76.0,70.1
Rwanda,Nord,2018,17433557,2229.46,0.477,64.7,69.6
Rwanda,Nord,2019,33006533,5074.75,0.493,50.5,55.0
Rwanda,Est,2020,21441439,4736.16,0.744,67.0,88.7
Rwanda,Nord,2021,16722759,6609.74,0.392,51.6,23.6
Rwanda,Ouest,2022,55803415,4612.29,0.363,66.2,59.5
Rwanda,Ouest,2023,35260427,2787.86,0.343,62.1,33.7
Rwanda,Australe,2024,45386987,5250.11,0.331,70.4,47.2
Mali,Nord,1975,22001910,1419.97,0.679,75.1,72.1
Mali,Ouest,1976,43146013,6295.01,0.478,58.9,69.5
Mali,Nord,1977,38257334,2307.54,0.779,53.4,81.2
Mali,Australe,1978,21684452,1176.08,0.559,71.3,94.7
Mali,Est,1979,26395713,6121.62,0.584,55.6,33.3
Mali,Ouest,1980,32427030,1754.6,0.5,75.4,82.5
Mali,Centrale,1981,59207538,2795.83,0.448,60.5,82.9
Mali,Ouest,1982,54625173,7586.66,0.573,50.6,78.2
Mali,Nord,1983,14826666,5614.48,0.397,65.2,61.6
Mali,Centrale,1984,47592126,2258.08,0.481,67.5,45.7
Mali,Australe,1985,7774443,3178.03,0.79,70.5,53.3
Mali,Ouest,1986,29852683,4912.95,0.497,60.2,47.5
Mali,Centrale,1987,9301744,1211.36,0.357,58.8,87.5
Mali,Est,1988,2092301,1086.12,0.654,60.2,87.9
Mali,Est,1989,54877446,1815.47,0.341,64.0,82.0
Mali,Ouest,1990,20844948,1501.93,0.648,67.7,94.2
Mali,Nord,1991,19365857,6870.18,0.47,72.5,73.1
Mali,Ouest,1992,28735509,2728.65,0.526,67.5,27.5
Mali,Ouest,1993,4541821,6444.23,0.359,50.2,29.3
Mali,Nord,1994,43207725,5789.03,0.456,57.0,40.9
Mali,Nord,1995,46849896,751.43,0.578,58.7,48.6
Mali,Est,1996,24639638,3062.06,0.763,54.4,41.4
Mali,Nord,1997,44388797,1476.94,0.67,53.3,45.6
Mali,Est,1998,10814833,3338.03,0.342,67.4,75.9
Mali,Australe,1999,3222322,6884.01,0.768,64.0,86.8
Mali,Centrale,2000,34339912,4112.68,0.4,70.0,63.3
Mali,Australe,2001,2087877,5988.66,0.638,76.0,60.5
Mali,Nord,2002,22174530,4665.6,0.567,74.8,83.9
Mali,Nord,2003,25394326,2742.24,0.644,62.9,43.5
Mali,Nord,2004,52434846,7252.36,0.403,69.6,76.4
Mali,Est,2005,6098278,6402.78,0.655,73.0,31.1
Mali,Est,2006,16039427,5890.29,0.473,58.6,67.3
Mali,Est,2007,49590170,7075.51,0.778,65.4,49.6
Mali,Ouest,2008,27681924,3882.12,0.399,70.2,38.5
Mali,Est,2009,33571861,6899.56,0.55,58.0,33.8
Mali,Est,2010,12933383,2755.71,0.789,73.1,94.9
Mali,Australe,2011,26240718,3022.87,0.675,69.2,73.1
Mali,Ouest,2012,2515259,6310.76,0.409,67.6,84.7
Mali,Australe,2013,33376498,3265.2,0.556,61.8,29.2
Mali,Nord,2014,13593281,6980.42,0.413,71.7,48.2
Mali,Centrale,2015,33444792,2960.61,0.535,70.2,48.1
Mali,Centrale,2016,16979479,1078.45,0.761,68.2,93.8
Mali,Nord,2017,35236066,793.95,0.622,60.5,38.2
Mali,Ouest,2018,19512395,6961.27,0.63,61.5,92.5
Mali,Nord,2019,22239487,1520.74,0.601,56.1,63.8
Mali,Ouest,2020,17355942,6933.56,0.573,50.7,59.2
Mali,Australe,2021,15662367,2812.9,0.592,57.7,57.7
Mali,Australe,2022,12974427,1556.03,0.355,61.3,72.0
Mali,Est,2023,13962982,5615.52,0.598,50.2,72.3
Mali,Nord,2024,25161169,2707.22,0.634,73.1,30.4
Burkina Faso,Est,1975,4499715,7425.24,0.587,51.9,94.7
Burkina Faso,Centrale,1976,17746773,2488.15,0.559,52.5,89.3
Burkina Faso,Australe,1977,45734142,7755.66,0.687,62.9,53.9
Burkina Faso,Ouest,1978,53868815,1999.29,0.396,66.8,26.3
Burkina Faso,Nord,1979,28654746,6624.16,0.348,62.6,29.1
Burkina Faso,Australe,1980,48707717,1812.06,0.779,75.1,31.4
Burkina Faso,Australe,1981,18057669,1940.12,0.622,65.2,92.0
Burkina Faso,Ouest,1982,42739556,972.82,0.712,57.6,41.4
Burkina Faso,Ouest,1983,43900095,4795.38,0.367,66.8,73.3
Burkina Faso,Ouest,1984,34808207,5719.72,0.531,57.0,89.2
Burkina Faso,Est,1985,5673788,7089.48,0.518,58.7,20.5
Burkina Faso,Nord,1986,10412970,4684.2,0.329,75.1,38.1
Burkina Faso,Ouest,1987,40547210,5852.33,0.597,51.5,56.4
Burkina Faso,Australe,1988,39385198,4137.98,0.571,51.7,70.3
Burkina Faso,Australe,1989,5339466,5323.29,0.575,65.7,50.9
Burkina Faso,Est,1990,10500641,6013.43,0.577,55.6,64.4
Burkina Faso,Nord,1991,48886973,6466.82,0.43,67.7,52.0
Burkina Faso,Nord,1992,53662634,1138.01,0.389,57.5,50.3
Burkina Faso,Est,1993,25004664,7360.61,0.514,67.3,77.5
Burkina Faso,Nord,1994,23651244,3045.63,0.43,61.1,82.3
Burkina Faso,Centrale,1995,21116450,4025.43,0.515,68.6,57.2
Burkina Faso,Centrale,1996,56087840,7561.05,0.562,54.4,58.0
Burkina Faso,Est,1997,29274811,2013.37,0.436,66.9,32.6
Burkina Faso,Est,1998,18554114,7589.5,0.356,61.2,39.2
Burkina Faso,Ouest,1999,7521800,5981.75,0.493,65.8,49.7
Burkina Faso,Centrale,2000,6741231,3059.59,0.626,72.9,59.4
Burkina Faso,Est,2001,22756540,2509.36,0.394,68.7,29.5
Burkina Faso,Nord,2002,47745236,3345.84,0.488,59.4,85.7
Burkina Faso,Ouest,2003,57046492,5833.05,0.424,76.0,93.8
Burkina Faso,Centrale,2004,17556235,6705.53,0.609,67.8,82.8
Burkina Faso,Ouest,2005,12097862,666.25,0.574,61.5,41.9
Burkina Faso,Est,2006,18209703,5410.8,0.308,54.8,23.2
Burkina Faso,Australe,2007,8154157,4445.04,0.445,58.7,78.7
Burkina Faso,Australe,2008,32881049,1857.63,0.612,54.4,48.8
Burkina Faso,Ouest,2009,51391099,5578.7,0.324,55.6,27.4
Burkina Faso,Centrale,2010,50600743,2511.56,0.335,53.0,59.5
Burkina Faso,Nord,2011,13817516,6106.88,0.509,57.7,40.8
Burkina Faso,Australe,2012,39223671,7869.83,0.576,64.7,28.0
Burkina Faso,Est,2013,40158863,5735.82,0.315,66.9,83.5
Burkina Faso,Australe,2014,55634179,7438.71,0.745,56.1,68.9
Burkina Faso,Ouest,2015,46377965,7369.34,0.562,67.0,90.8
Burkina Faso,Ouest,2016,56662354,7707.18,0.796,59.9,50.1
Burkina Faso,Centrale,2017,43864536,7847.63,0.724,67.8,94.6
Burkina Faso,Ouest,2018,50853086,6096.53,0.608,56.7,58.3
Burkina Faso,Nord,2019,43862898,4996.32,0.424,70.5,80.1
Burkina Faso,Ouest,2020,34646874,1198.98,0.388,55.4,55.7
Burkina Faso,Ouest,2021,43990267,2857.3,0.774,58.0,66.8
Burkina Faso,Australe,2022,46944123,6137.9,0.578,54.6,86.8
Burkina Faso,Est,2023,8369105,906.65,0.397,64.0,35.0
Burkina Faso,Ouest,2024,57303846,4371.28,0.471,55.8,64.0
Niger,Nord,1975,52274647,4431.91,0.654,72.9,61.8
Niger,Nord,1976,4781863,3798.03,0.538,64.3,24.3
Niger,Est,1977,11240297,6134.13,0.637,54.3,34.6
Niger,Ouest,1978,55088311,6555.69,0.734,50.5,62.6
Niger,Est,1979,41080686,5732.29,0.369,72.6,66.0
Niger,Ouest,1980,18114405,2321.36,0.357,66.7,80.4
Niger,Est,1981,8620991,831.57,0.505,58.0,46.0
Niger,Centrale,1982,58127103,7627.92,0.638,54.1,44.6
Niger,Nord,1983,50554997,3574.71,0.528,51.2,69.4
Niger,Est,1984,38916882,1341.58,0.496,59.0,63.9
Niger,Est,1985,2620854,4578.89,0.463,59.3,73.9
Niger,Est,1986,18229163,6893.56,0.417,71.0,77.5
Niger,Nord,1987,7200567,7385.12,0.714,72.0,54.7
Niger,Ouest,1988,19905059,2634.82,0.374,59.1,80.8
Niger,Centrale,1989,15699144,3743.88,0.424,51.6,57.1
Niger,Australe,1990,38239943,3559.05,0.332,64.2,60.6
Niger,Australe,1991,19308035,2215.59,0.322,51.5,83.0
Niger,Ouest,1992,36018875,1002.07,0.61,67.5,80.8
Niger,Australe,1993,44178477,4540.03,0.796,54.8,61.4
Niger,Australe,1994,51396175,3263.26,0.59,69.7,45.2
Niger,Ouest,1995,38871602,5880.3,0.623,52.5,50.9
Niger,Ouest,1996,12114505,6532.33,0.784,75.8,33.1
Niger,Australe,1997,27558183,6754.1,0.679,67.8,54.5
Niger,Nord,1998,23155129,5056.86,0.692,62.6,41.3
Niger,Ouest,1999,9917164,6869.07,0.789,50.2,61.2
Niger,Est,2000,21160219,842.31,0.468,55.2,49.2
Niger,Centrale,2001,37030417,5477.54,0.325,59.2,59.1
Niger,Centrale,2002,32070981,6356.61,0.45,67.3,73.1
Niger,Australe,2003,4183912,1866.32,0.57,63.5,79.5
Niger,Est,2004,49720822,3694.33,0.532,70.9,82.4
Niger,Ouest,2005,33092894,1766.55,0.37,65.5,20.8
Niger,Centrale,2006,3165493,5232.9,0.511,63.9,53.6
Niger,Australe,2007,57045267,6893.64,0.492,62.8,20.2
Niger,Nord,2008,33055204,6952.41,0.764,71.0,43.2
Niger,Australe,2009,34676191,6837.61,0.703,52.5,24.4
Niger,Nord,2010,9796824,5579.51,0.553,53.4,72.0
Niger,Est,2011,12236563,6442.18,0.32,60.0,75.4
Niger,Ouest,2012,28985433,6620.12,0.387,67.8,68.0
Niger,Centrale,2013,45346525,4617.43,0.647,66.2,80.8
Niger,Est,2014,57200992,5607.7,0.699,64.6,81.0
Niger,Australe,2015,36489371,6916.87,0.782,71.0,85.7
Niger,Australe,2016,39414173,527.81,0.451,52.9,40.3
Niger,Ouest,2017,51070520,4280.24,0.424,54.8,92.7
Niger,Nord,2018,6340669,6666.05,0.42,71.8,44.6
Niger,Centrale,2019,31128528,2985.01,0.614,66.1,35.5
Niger,Australe,2020,13118472,2122.49,0.623,69.1,89.2
Niger,Ouest,2021,47272129,2511.21,0.605,69.2,82.8
Niger,Centrale,2022,40679109,1429.63,0.617,64.9,23.8
Niger,Est,2023,14035712,676.81,0.337,67.7,63.6
Niger,Centrale,2024,27946153,3282.78,0.537,67.3,69.4
Tchad,Est,1975,2486671,1226.53,0.635,56.6,29.2
Tchad,Ouest,1976,9559032,7224.56,0.642,63.6,40.6
Tchad,Nord,1977,32959297,4611.7,0.415,66.3,23.4
Tchad,Nord,1978,33355835,2359.98,0.454,53.1,25.1
Tchad,Ouest,1979,2330701,7555.61,0.301,74.1,34.3
Tchad,Est,1980,44474561,3548.71,0.488,74.0,45.8
Tchad,Nord,1981,57342693,7224.98,0.546,53.2,37.8
Tchad,Centrale,1982,21626690,7626.31,0.682,54.1,65.0
Tchad,Ouest,1983,2946725,7324.15,0.374,53.9,68.6
Tchad,Ouest,1984,59509382,6955.41,0.348,56.9,74.9
Tchad,Nord,1985,26249552,7345.44,0.391,69.7,76.3
Tchad,Est,1986,25921564,4596.77,0.37,73.8,30.2
Tchad,Centrale,1987,28107526,7831.56,0.432,54.0,61.8
Tchad,Centrale,1988,45346997,7642.7,0.429,65.9,48.5
Tchad,Australe,1989,16526332,4727.53,0.501,62.3,75.4
Tchad,Australe,1990,11839948,5788.75,0.69,56.1,71.5
Tchad,Centrale,1991,5770995,5785.0,0.727,73.6,90.7
Tchad,Ouest,1992,55912179,3995.56,0.789,56.1,91.3
Tchad,Est,1993,13658563,5676.37,0.377,73.2,39.7
Tchad,Ouest,1994,36487724,4723.17,0.392,60.0,76.7
Tchad,Nord,1995,21304393,5494.44,0.743,64.1,56.7
Tchad,Est,1996,40168984,2478.62,0.642,61.5,75.4
Tchad,Nord,1997,20825212,5534.88,0.724,59.1,21.8
Tchad,Nord,1998,48580967,6456.39,0.44,66.9,87.5
Tchad,Est,1999,5968902,532.28,0.722,76.0,59.6
Tchad,Nord,2000,48170542,5297.04,0.373,57.9,76.9
Tchad,Australe,2001,25551810,2769.13,0.526,54.0,84.8
Tchad,Centrale,2002,31761435,7011.77,0.75,58.0,88.5
Tchad,Nord,2003,49926503,4195.06,0.342,69.8,40.9
Tchad,Australe,2004,49207364,2066.16,0.493,70.8,24.9
Tchad,Australe,2005,25910908,4794.78,0.635,74.3,38.3
Tchad,Ouest,2006,56749669,4593.21,0.542,70.7,21.0
Tchad,Centrale,2007,54855430,7075.96,0.707,57.4,83.8
Tchad,Australe,2008,48786026,2712.15,0.458,65.8,22.1
Tchad,Ouest,2009,48265505,4441.4,0.771,70.2,74.3
Tchad,Centrale,2010,22736214,5536.79,0.52,68.5,50.7
Tchad,Centrale,2011,39275331,1444.42,0.663,65.5,53.1
Tchad,Est,2012,46858388,5983.5,0.774,71.3,76.3
Tchad,Nord,2013,50362391,5525.45,0.687,60.4,92.7
Tchad,Australe,2014,30238623,5640.32,0.642,68.0,45.9
Tchad,Est,2015,16228144,5847.7,0.63,74.3,92.7
Tchad,Est,2016,5451463,3474.13,0.69,58.9,44.7
Tchad,Australe,2017,32431517,6209.62,0.613,66.5,46.2
Tchad,Ouest,2018,51916718,950.25,0.503,65.7,29.0
Tchad,Est,2019,53405110,2444.57,0.506,70.4,32.6
Tchad,Nord,2020,48633794,2902.15,0.747,54.0,68.3
Tchad,Nord,2021,28249827,1866.22,0.365,70.7,61.2
Tchad,Nord,2022,39492297,7180.86,0.62,71.5,24.9
Tchad,Centrale,2023,2476015,3233.05,0.716,51.4,94.0
Tchad,Est,2024,38488349,2831.73,0.385,72.7,42.0
Benin,Australe,1975,39054096,3622.42,0.33,51.9,81.9
Benin,Ouest,1976,43509141,5597.44,0.373,68.8,95.0
Benin,Centrale,1977,33090859,1958.59,0.31,53.4,83.7
Benin,Ouest,1978,36075659,4420.9,0.522,65.1,41.4
Benin,Nord,1979,20364427,4631.39,0.379,62.7,60.0
Benin,Australe,1980,40240050,5600.64,0.46,64.5,93.2
Benin,Centrale,1981,32113546,6727.08,0.766,60.8,65.6
Benin,Centrale,1982,56695867,7429.09,0.349,72.0,44.4
Benin,Est,1983,29890525,932.46,0.489,75.2,94.3
Benin,Nord,1984,47175732,3012.72,0.691,66.3,45.6
Benin,Nord,1985,46143381,5656.36,0.431,68.2,58.2
Benin,Australe,1986,47185670,4360.54,0.533,54.5,76.6
Benin,Centrale,1987,4588335,583.71,0.508,68.9,57.2
Benin,Ouest,1988,12664315,4568.31,0.73,74.2,33.2
Benin,Ouest,1989,37457369,2785.39,0.797,62.8,68.0
Benin,Centrale,1990,5852115,1463.87,0.705,60.6,52.4
Benin,Nord,1991,41107980,1501.41,0.73,63.3,28.9
Benin,Nord,1992,20026733,6391.16,0.544,52.1,62.2
Benin,Centrale,1993,27171774,7307.5,0.311,57.9,77.7
Benin,Australe,1994,34051654,2414.31,0.467,66.8,46.4
Benin,Est,1995,17077530,3540.73,0.401,59.1,24.1
Benin,Centrale,1996,35689783,4183.91,0.587,73.2,31.1
Benin,Ouest,1997,44016536,3560.42,0.415,75.5,33.0
Benin,Nord,1998,47147406,2595.57,0.702,62.6,30.2
Benin,Est,1999,28030205,2529.79,0.589,61.0,94.3
Benin,Nord,2000,31437165,6786.07,0.419,65.5,23.9
Benin,Australe,2001,37101649,2145.31,0.529,69.0,62.9
Benin,Centrale,2002,36128016,4522.83,0.518,58.0,61.8
Benin,Nord,2003,42331140,6843.03,0.439,69.8,92.4
Benin,Australe,2004,35732083,6551.03,0.46,56.1,85.1
Benin,Centrale,2005,35169918,907.43,0.425,74.1,73.6
Benin,Nord,2006,20568293,4918.55,0.355,73.2,61.5
Benin,Ouest,2007,42987708,5722.45,0.706,67.6,81.6
Benin,Australe,2008,34138567,3641.28,0.338,57.3,38.4
Benin,Ouest,2009,28603645,2793.74,0.424,61.9,77.1
Benin,Ouest,2010,29004325,1881.03,0.783,74.5,24.9
Benin,Est,2011,22072861,3111.44,0.357,58.9,51.8
Benin,Ouest,2012,49579192,1906.36,0.418,75.0,22.8
Benin,Centrale,2013,39004191,1767.32,0.618,51.2,77.9
Benin,Australe,2014,59181697,2399.15,0.589,66.1,55.2
Benin,Ouest,2015,32598972,4199.69,0.79,51.1,63.6
Benin,Ouest,2016,4386661,1372.34,0.558,56.6,52.1
Benin,Nord,2017,34055941,4210.23,0.351,57.3,59.2
Benin,Australe,2018,47296215,7204.33,0.722,56.8,28.0
Benin,Est,2019,35920878,969.02,0.712,72.3,57.6
Benin,Nord,2020,16453302,3064.57,0.388,62.0,31.5
Benin,Nord,2021,57988005,644.33,0.422,52.9,83.7
Benin,Australe,2022,21607119,3143.36,0.634,64.3,67.6
Benin,Nord,2023,50868143,1984.16,0.728,61.3,28.2
Benin,Australe,2024,32534131,4076.01,0.777,55.1,94.7
Togo,Centrale,1975,47501198,3061.89,0.384,63.2,33.5
Togo,Nord,1976,19756419,5566.83,0.641,69.4,89.0
Togo,Australe,1977,23103440,1944.26,0.633,50.6,73.3
Togo,Nord,1978,42766330,7180.34,0.569,51.5,28.8
Togo,Centrale,1979,52518563,7075.89,0.573,67.1,45.9
Togo,Centrale,1980,13172777,2255.1,0.535,50.8,39.2
Togo,Est,1981,31505650,6501.72,0.555,58.0,22.5
Togo,Australe,1982,32729603,7504.85,0.368,72.8,94.1
Togo,Nord,1983,37722376,2797.5,0.657,69.6,79.7
Togo,Est,1984,8830647,1482.35,0.455,64.5,33.7
Togo,Australe,1985,58188427,3648.16,0.307,70.0,70.5
Togo,Est,1986,22847914,2724.8,0.595,57.4,33.4
Togo,Nord,1987,29473705,7392.84,0.769,62.1,92.1
Togo,Ouest,1988,44348294,5196.81,0.508,59.2,90.6
Togo,Ouest,1989,55450466,7936.88,0.639,66.0,54.2
Togo,Ouest,1990,5385146,3991.39,0.608,56.7,22.8
Togo,Est,1991,23422951,3037.13,0.445,67.1,53.2
Togo,Nord,1992,17139064,4472.09,0.755,53.8,42.1
Togo,Ouest,1993,20572208,1050.4,0.642,51.0,66.7
Togo,Est,1994,28733600,4643.87,0.55,59.3,44.4
Togo,Centrale,1995,20987045,3307.62,0.699,74.6,20.2
Togo,Ouest,1996,11279897,1211.44,0.582,52.5,92.3
Togo,Centrale,1997,26758472,4287.67,0.328,56.0,48.3
Togo,Ouest,1998,38714167,2215.86,0.518,53.1,79.6
Togo,Est,1999,29500358,1510.23,0.555,50.5,34.6
Togo,Ouest,2000,32209281,915.07,0.688,60.8,85.8
Togo,Est,2001,19599718,6586.55,0.731,59.1,23.8
Togo,Est,2002,2245596,1527.66,0.309,67.7,32.3
Togo,Ouest,2003,42989219,2101.68,0.427,71.4,31.1
Togo,Centrale,2004,10368723,6237.66,0.455,57.2,40.7
Togo,Est,2005,59273991,4534.98,0.642,65.4,30.4
Togo,Ouest,2006,22492694,1710.36,0.383,72.1,22.4
Togo,Est,2007,17804171,2002.15,0.453,74.6,93.5
Togo,Est,2008,14119040,4094.11,0.69,50.0,50.7
Togo,Est,2009,54524460,1373.67,0.692,63.0,22.7
Togo,Centrale,2010,54196457,1331.58,0.44,53.4,26.8
Togo,Ouest,2011,53131104,6188.58,0.752,51.8,69.4
Togo,Ouest,2012,11817298,5518.65,0.566,67.3,69.0
Togo,Centrale,2013,21433372,2882.68,0.726,63.9,44.6
Togo,Est,2014,47672912,6775.29,0.788,50.2,86.0
Togo,Australe,2015,44035507,6352.07,0.789,54.8,46.2
Togo,Centrale,2016,26315778,7699.65,0.747,67.5,22.1
Togo,Est,2017,42208416,6783.26,0.566,72.0,48.9
Togo,Ouest,2018,21677011,2643.39,0.554,73.0,91.1
Togo,Australe,2019,45005650,974.01,0.777,54.1,67.9
Togo,Est,2020,59503829,7217.46,0.393,72.9,72.6
Togo,Australe,2021,14994421,7421.96,0.791,63.4,70.2
Togo,Australe,2022,51748744,1503.36,0.412,55.5,86.3
Togo,Australe,2023,51148377,6199.6,0.633,74.4,66.0
Togo,Centrale,2024,3213671,6394.53,0.337,67.6,47.7
Gabon,Centrale,1975,2779290,1971.98,0.763,75.9,46.7
Gabon,Nord,1976,10075123,5995.87,0.412,56.1,82.6
Gabon,Nord,1977,30530614,7020.05,0.73,50.7,53.3
Gabon,Ouest,1978,24084870,7059.5,0.392,64.7,42.3
Gabon,Centrale,1979,25908286,4070.07,0.417,66.6,20.8
Gabon,Nord,1980,53155533,6550.06,0.799,75.4,66.4
Gabon,Ouest,1981,48458905,998.24,0.73,53.8,93.3
Gabon,Ouest,1982,47710489,5942.74,0.654,63.2,53.2
Gabon,Centrale,1983,31082048,4757.18,0.41,65.5,64.3
Gabon,Nord,1984,51551884,6756.98,0.793,73.0,91.3
Gabon,Est,1985,48947967,1172.94,0.709,68.6,39.2
Gabon,Australe,1986,18705899,4820.08,0.563,64.9,25.9
Gabon,Est,1987,59821207,1242.47,0.699,66.6,44.3
Gabon,Nord,1988,29193803,6499.54,0.45,57.1,56.1
Gabon,Est,1989,20440208,3475.79,0.383,70.6,20.4
Gabon,Centrale,1990,22929986,524.6,0.613,65.8,62.8
Gabon,Est,1991,56333359,7652.05,0.4,51.5,26.8
Gabon,Australe,1992,6951609,5980.27,0.761,53.3,28.1
Gabon,Est,1993,3846221,1978.61,0.599,56.3,22.1
Gabon,Australe,1994,24005103,7822.97,0.748,59.1,22.2
Gabon,Est,1995,58564124,2016.78,0.37,53.8,89.8
Gabon,Est,1996,8500491,6182.43,0.323,75.9,28.4
Gabon,Nord,1997,58550722,1554.8,0.544,66.6,63.5
Gabon,Ouest,1998,27154318,6646.72,0.591,51.7,66.2
Gabon,Nord,1999,18717987,5564.31,0.61,52.0,94.7
Gabon,Ouest,2000,44508819,4286.06,0.396,75.2,26.1
Gabon,Centrale,2001,30245922,6227.79,0.591,61.3,67.9
Gabon,Australe,2002,26588638,6767.39,0.664,62.9,75.4
Gabon,Centrale,2003,47255129,7611.41,0.531,53.4,57.3
Gabon,Australe,2004,21788126,2043.27,0.437,59.0,87.1
Gabon,Australe,2005,13034784,2995.44,0.323,73.6,89.2
Gabon,Est,2006,31990582,5197.56,0.352,68.5,45.5
Gabon,Nord,2007,25061780,2426.98,0.749,57.4,61.3
Gabon,Nord,2008,36473295,4247.51,0.641,71.3,75.0
Gabon,Centrale,2009,28617864,3532.72,0.682,52.5,61.4
Gabon,Nord,2010,39037536,7989.46,0.62,64.7,53.9
Gabon,Nord,2011,38525429,5010.7,0.309,55.4,35.2
Gabon,Ouest,2012,44608417,3383.14,0.344,66.0,23.3
Gabon,Est,2013,47189595,4527.14,0.489,57.4,32.8
Gabon,Ouest,2014,8289942,5208.14,0.635,57.0,85.0
Gabon,Centrale,2015,32929417,6096.55,0.515,75.9,32.6
Gabon,Est,2016,55061996,2997.29,0.368,56.0,30.5
Gabon,Centrale,2017,6868806,3435.22,0.391,50.1,62.3
Gabon,Nord,2018,31390052,6477.42,0.61,62.0,40.5
Gabon,Est,2019,56725629,4901.59,0.478,58.5,72.2
Gabon,Australe,2020,10155544,4716.34,0.446,57.4,81.5
Gabon,Nord,2021,11305218,5106.21,0.761,70.7,36.1
Gabon,Nord,2022,17196543,4569.63,0.701,73.2,51.9
Gabon,Centrale,2023,49960436,5294.84,0.429,52.1,40.5
Gabon,Ouest,2024,34513582,2819.86,0.676,67.2,46.9
